City_ID,City,Lat,Lng,Weather Description,Max Temp,Humidity,Cloudiness,Wind Speed,Country,Date
0,Hambantota,6.1241,81.1185,overcast clouds,79.7,79,100,19.19,LK,2021-08-02 16:16:34
1,Ribeira Grande,38.5167,-28.7,scattered clouds,77.4,78,40,8.05,PT,2021-08-02 16:16:34
2,Fairbanks,64.8378,-147.7164,clear sky,70.92,73,1,3.44,US,2021-08-02 16:09:53
3,Hobart,-42.8794,147.3294,overcast clouds,48.25,78,100,5.01,AU,2021-08-02 16:07:43
4,Severo-Kurilsk,50.6789,156.125,overcast clouds,51.76,88,87,18.7,RU,2021-08-02 16:09:22
5,Kargil,34.5667,76.1,scattered clouds,63.72,42,48,7.99,IN,2021-08-02 16:16:35
6,Eureka,40.8021,-124.1637,overcast clouds,56.19,73,97,2.15,US,2021-08-02 16:16:36
7,Ixtapa,20.7,-105.2,broken clouds,85.23,78,75,6.91,MX,2021-08-02 16:15:59
8,Prince George,53.9166,-122.753,haze,70.25,77,1,6.91,CA,2021-08-02 16:16:36
9,Kariba,-16.5167,28.8,clear sky,70.16,49,2,3.78,ZW,2021-08-02 16:16:36
10,San Jeronimo,-11.9472,-75.2829,broken clouds,54.28,48,54,2.17,PE,2021-08-02 16:16:37
11,Port Lincoln,-34.7333,135.8667,overcast clouds,51.26,67,94,20.56,AU,2021-08-02 16:14:01
12,Menongue,-14.6585,17.691,few clouds,78.75,15,19,4.76,AO,2021-08-02 16:16:37
13,Verkhnetulomskiy,68.6073,31.7962,overcast clouds,53.73,88,100,4.27,RU,2021-08-02 16:16:38
14,Komsomolskiy,40.4272,71.7189,overcast clouds,83.12,32,100,2.3,UZ,2021-08-02 16:12:50
15,Nome,64.5011,-165.4064,light rain,56.16,94,90,12.66,US,2021-08-02 16:10:10
16,Bathsheba,13.2167,-59.5167,few clouds,86.61,70,20,11.5,BB,2021-08-02 16:14:06
17,Innisfail,-17.5333,146.0333,broken clouds,63.28,86,53,3.49,AU,2021-08-02 16:16:39
18,Busselton,-33.65,115.3333,overcast clouds,46.09,72,88,4.97,AU,2021-08-02 16:12:32
19,San Eduardo,12.1679,125.4503,overcast clouds,82.33,78,92,9.84,PH,2021-08-02 16:16:40
20,Saint-Pierre,-21.3393,55.4781,clear sky,67.68,68,0,3.44,RE,2021-08-02 16:16:41
21,New Norfolk,-42.7826,147.0587,overcast clouds,47.91,80,99,1.01,AU,2021-08-02 16:12:40
22,Avarua,-21.2078,-159.775,light rain,78.85,89,75,14.97,CK,2021-08-02 16:12:49
23,Bredasdorp,-34.5322,20.0403,scattered clouds,60.28,95,47,9.46,ZA,2021-08-02 16:08:37
24,Upernavik,72.7868,-56.1549,clear sky,46.92,64,0,4.65,GL,2021-08-02 16:10:39
25,Sciacca,37.5082,13.0881,clear sky,98.04,44,0,6.51,IT,2021-08-02 16:16:42
26,Ushuaia,-54.8,-68.3,scattered clouds,44.22,73,43,8.68,AR,2021-08-02 16:08:37
27,Albany,42.6001,-73.9662,scattered clouds,74.03,68,27,3.0,US,2021-08-02 16:07:45
28,Tasiilaq,65.6145,-37.6368,light rain,46.56,82,100,2.39,GL,2021-08-02 16:12:39
29,Luderitz,-26.6481,15.1594,clear sky,71.51,37,0,5.64,NA,2021-08-02 16:08:40
30,Butaritari,3.0707,172.7902,broken clouds,82.63,73,66,8.16,KI,2021-08-02 16:14:03
31,Sacramento,38.4666,-121.3177,broken clouds,85.71,67,75,4.0,US,2021-08-02 16:15:13
32,Atuona,-9.8,-139.0333,light rain,77.11,77,32,17.25,PF,2021-08-02 16:09:02
33,Alofi,-19.0595,-169.9187,broken clouds,73.29,73,75,10.36,NU,2021-08-02 16:14:35
34,Castro,-24.7911,-50.0119,few clouds,63.95,54,11,0.74,BR,2021-08-02 16:12:42
35,Hirara,24.8,125.2833,overcast clouds,81.54,80,100,15.7,JP,2021-08-02 16:16:43
36,Mataura,-46.1927,168.8643,overcast clouds,44.47,95,100,4.23,NZ,2021-08-02 16:08:39
37,Rabo De Peixe,37.8,-25.5833,few clouds,74.71,60,20,8.05,PT,2021-08-02 16:16:44
38,Kidal,18.4411,1.4078,overcast clouds,99.99,26,98,9.64,ML,2021-08-02 16:15:05
39,Syracuse,37.0881,15.2792,clear sky,100.62,60,2,9.42,IT,2021-08-02 16:16:44
40,Kasempa,-13.4584,25.8338,scattered clouds,70.66,29,26,4.76,ZM,2021-08-02 16:16:45
41,Leningradskiy,69.3833,178.4167,light snow,32.74,99,100,9.89,RU,2021-08-02 16:11:25
42,Vaini,-21.2,-175.2,few clouds,68.16,77,20,10.36,TO,2021-08-02 16:12:35
43,Ostrovnoy,68.0531,39.5131,scattered clouds,62.8,77,50,11.95,RU,2021-08-02 16:16:45
44,Hilo,19.7297,-155.09,light rain,71.8,88,90,6.91,US,2021-08-02 16:12:44
45,The Pas,53.8251,-101.2541,overcast clouds,77.02,61,90,8.75,CA,2021-08-02 16:16:46
46,Arraial Do Cabo,-22.9661,-42.0278,clear sky,68.34,76,7,15.7,BR,2021-08-02 16:12:48
47,Tyukhtet,56.5389,89.3011,light rain,60.06,85,98,6.55,RU,2021-08-02 16:16:46
48,Punta Arenas,-53.15,-70.9167,few clouds,44.71,61,20,25.32,CL,2021-08-02 16:13:35
49,Adilcevaz,38.8039,42.7342,broken clouds,71.31,61,72,17.58,TR,2021-08-02 16:16:47
50,Buchanan,5.8808,-10.0467,broken clouds,85.96,64,56,9.64,LR,2021-08-02 16:16:47
51,Flin Flon,54.7682,-101.865,clear sky,84.38,31,0,6.17,CA,2021-08-02 16:11:47
52,Ilula,-7.6766,36.0366,scattered clouds,57.76,81,29,6.06,TZ,2021-08-02 16:16:47
53,Kruisfontein,-34.0033,24.7314,broken clouds,55.89,91,59,11.48,ZA,2021-08-02 16:14:10
54,Bluff,-46.6,168.3333,overcast clouds,44.8,67,100,14.45,NZ,2021-08-02 16:14:08
55,Tuktoyaktuk,69.4541,-133.0374,overcast clouds,47.59,86,100,6.15,CA,2021-08-02 16:09:52
56,Klaksvik,62.2266,-6.589,overcast clouds,50.92,80,100,11.23,FO,2021-08-02 16:16:48
57,Kodiak,57.79,-152.4072,fog,53.11,94,90,6.91,US,2021-08-02 16:14:32
58,Airai,-8.9266,125.4092,broken clouds,56.77,84,73,3.0,TL,2021-08-02 16:15:15
59,Constitucion,-35.3333,-72.4167,clear sky,61.0,52,0,10.25,CL,2021-08-02 16:13:59
60,Cape Town,-33.9258,18.4232,clear sky,65.1,73,0,1.01,ZA,2021-08-02 16:10:54
61,Constantine,36.365,6.6147,broken clouds,91.49,33,73,8.3,DZ,2021-08-02 16:14:41
62,Victoria,22.2855,114.1577,overcast clouds,86.38,82,100,1.01,HK,2021-08-02 16:14:32
63,Goderich,43.7501,-81.7165,clear sky,73.04,77,7,6.91,CA,2021-08-02 16:15:48
64,Susangerd,31.5608,48.1831,clear sky,102.22,8,0,6.17,IR,2021-08-02 16:16:49
65,Khatanga,71.9667,102.5,overcast clouds,64.08,64,98,10.31,RU,2021-08-02 16:12:17
66,Nanticoke,41.2054,-76.0049,clear sky,73.85,67,3,1.99,US,2021-08-02 16:13:41
67,Ha Giang,22.8333,104.9833,light rain,77.05,95,27,3.22,VN,2021-08-02 16:16:50
68,Moba,33.2288,105.0179,clear sky,61.65,89,5,4.68,CN,2021-08-02 16:16:50
69,Qaanaaq,77.484,-69.3632,overcast clouds,45.32,63,100,4.56,GL,2021-08-02 16:08:49
70,Kankon,15.0167,74.0167,overcast clouds,79.23,85,97,11.48,IN,2021-08-02 16:16:51
71,Svetlogorsk,52.6333,29.7333,broken clouds,68.7,74,72,17.25,BY,2021-08-02 16:16:51
72,Jesus Carranza,17.4333,-95.0333,broken clouds,82.04,82,82,8.12,MX,2021-08-02 16:16:51
73,Vostok,46.4856,135.8833,scattered clouds,65.88,90,47,2.68,RU,2021-08-02 16:10:29
74,Rikitea,-23.1203,-134.9692,broken clouds,68.52,55,83,21.92,PF,2021-08-02 16:05:09
75,Lebu,-37.6167,-73.65,scattered clouds,55.2,74,45,18.75,CL,2021-08-02 16:09:20
76,Chuy,-33.6971,-53.4616,scattered clouds,58.33,74,37,7.27,UY,2021-08-02 16:14:08
77,Bonavista,48.6499,-53.1147,clear sky,77.0,65,0,8.84,CA,2021-08-02 16:16:52
78,Iqaluit,63.7506,-68.5145,overcast clouds,49.57,75,100,2.93,CA,2021-08-02 16:08:47
79,Kununurra,-15.7667,128.7333,broken clouds,73.38,78,75,3.44,AU,2021-08-02 16:16:53
80,Hermanus,-34.4187,19.2345,clear sky,60.8,83,0,9.13,ZA,2021-08-02 16:13:56
81,Anadyr,64.75,177.4833,light rain,41.0,93,100,15.01,RU,2021-08-02 16:09:50
82,Carnarvon,-24.8667,113.6333,clear sky,50.07,41,0,11.5,AU,2021-08-02 16:13:59
83,Hervey Bay,-25.2986,152.8535,clear sky,68.04,90,2,10.42,AU,2021-08-02 16:12:34
84,Junin,-34.5838,-60.9433,clear sky,60.85,40,0,9.28,AR,2021-08-02 16:15:45
85,Banda Aceh,5.5577,95.3222,overcast clouds,80.53,77,98,12.33,ID,2021-08-02 16:11:22
86,Sur,22.5667,59.5289,clear sky,91.35,53,8,8.52,OM,2021-08-02 16:11:13
87,Puerto Ayora,-0.7393,-90.3518,overcast clouds,73.49,80,92,11.07,EC,2021-08-02 16:08:57
88,Saint-Joseph,-21.3667,55.6167,scattered clouds,66.58,75,30,4.54,RE,2021-08-02 16:16:54
89,Along,28.1667,94.7667,broken clouds,76.12,97,68,2.15,IN,2021-08-02 16:15:00
90,Bethel,41.3712,-73.414,clear sky,76.5,67,1,8.05,US,2021-08-02 16:14:36
91,Touros,-5.1989,-35.4608,scattered clouds,84.63,59,42,20.27,BR,2021-08-02 16:10:35
92,Presidencia Roque Saenz Pena,-26.7852,-60.4388,clear sky,69.82,31,0,4.38,AR,2021-08-02 16:16:55
93,Pirovskoye,57.6267,92.2658,broken clouds,54.84,91,54,6.64,RU,2021-08-02 16:16:55
94,Mahebourg,-20.4081,57.7,clear sky,67.24,65,1,6.33,MU,2021-08-02 16:10:11
95,Aklavik,68.2191,-135.0107,broken clouds,62.6,82,75,4.61,CA,2021-08-02 16:12:48
96,Pevek,69.7008,170.3133,overcast clouds,32.14,93,94,20.65,RU,2021-08-02 16:12:40
97,Adrar,20.5022,-10.0711,clear sky,101.01,24,10,10.94,MR,2021-08-02 16:14:53
98,Longyearbyen,78.2186,15.6401,light rain,46.24,76,75,13.8,SJ,2021-08-02 16:11:18
99,Lhokseumawe,5.1801,97.1507,overcast clouds,77.86,86,99,2.48,ID,2021-08-02 16:16:56
100,Steamboat Springs,40.485,-106.8317,overcast clouds,71.94,75,90,0.0,US,2021-08-02 16:16:04
101,Torbay,47.6666,-52.7314,scattered clouds,76.75,50,40,10.36,CA,2021-08-02 16:12:51
102,Thompson,55.7435,-97.8558,few clouds,76.05,42,24,6.8,CA,2021-08-02 16:12:18
103,East London,-33.0153,27.9116,overcast clouds,59.86,72,100,12.01,ZA,2021-08-02 16:14:00
104,Mahon,39.8885,4.2658,few clouds,79.36,53,20,11.5,ES,2021-08-02 16:10:50
105,Verkhoyansk,67.5447,133.385,clear sky,55.9,51,0,4.29,RU,2021-08-02 16:08:43
106,Umm Lajj,25.0213,37.2685,clear sky,90.93,52,6,4.81,SA,2021-08-02 16:16:57
107,Dikson,73.5069,80.5464,overcast clouds,46.67,80,100,12.41,RU,2021-08-02 16:16:07
108,Georgetown,5.4112,100.3354,few clouds,84.13,78,20,0.0,MY,2021-08-02 16:11:29
109,Praia,14.9215,-23.5087,few clouds,82.94,61,20,17.27,CV,2021-08-02 16:10:26
110,Rudraprayag,30.2833,78.9833,light rain,78.22,94,70,0.81,IN,2021-08-02 16:16:58
111,Yellowknife,62.456,-114.3525,clear sky,75.49,40,0,9.46,CA,2021-08-02 16:13:53
112,Oranjestad,12.524,-70.027,few clouds,89.55,58,20,26.46,AW,2021-08-02 16:16:58
113,Ancud,-41.8697,-73.8203,overcast clouds,51.33,89,94,6.49,CL,2021-08-02 16:12:39
114,Cherskiy,68.75,161.3,broken clouds,32.76,94,74,11.68,RU,2021-08-02 16:14:09
115,Henderson,36.0397,-114.9819,clear sky,97.11,32,1,0.0,US,2021-08-02 16:14:21
116,Chokurdakh,70.6333,147.9167,few clouds,34.79,83,11,7.43,RU,2021-08-02 16:08:46
117,La Quinta,33.6634,-116.31,clear sky,104.45,15,1,6.91,US,2021-08-02 16:14:32
118,Isabela,6.7085,121.9711,overcast clouds,79.52,86,96,2.89,PH,2021-08-02 16:16:59
119,Hay River,60.8156,-115.7999,clear sky,72.68,50,1,4.56,CA,2021-08-02 16:08:42
120,Nikolskoye,59.7035,30.7861,light rain,62.49,97,100,8.75,RU,2021-08-02 16:12:38
121,Yerbogachen,61.2767,108.0108,overcast clouds,64.2,61,100,5.77,RU,2021-08-02 16:17:00
122,Pafos,34.7667,32.4167,clear sky,94.23,79,0,9.22,CY,2021-08-02 16:17:00
123,Osypenko,46.9136,36.8253,clear sky,86.85,49,1,6.78,UA,2021-08-02 16:17:01
124,Ternate,0.8,127.4,scattered clouds,81.72,75,37,7.45,ID,2021-08-02 16:17:01
125,Labuhan,-6.8844,112.2051,scattered clouds,77.54,82,32,7.54,ID,2021-08-02 16:11:54
126,Port Alfred,-33.5906,26.891,broken clouds,58.23,75,82,14.61,ZA,2021-08-02 16:12:30
127,Sibate,4.4843,-74.245,overcast clouds,59.56,79,100,1.14,CO,2021-08-02 16:17:01
128,Jamestown,42.097,-79.2353,scattered clouds,72.01,57,40,3.0,US,2021-08-02 16:12:31
129,La Rioja,42.25,-2.5,broken clouds,76.48,32,80,3.78,ES,2021-08-02 16:17:02
130,Katangli,51.7102,143.2326,overcast clouds,53.92,91,100,11.01,RU,2021-08-02 16:17:02
131,Cayenne,4.9333,-52.3333,few clouds,87.84,71,20,3.0,GF,2021-08-02 16:10:34
132,Sao Raimundo Nonato,-9.0153,-42.6994,clear sky,86.54,31,2,11.99,BR,2021-08-02 16:17:03
133,Canon City,38.441,-105.2424,clear sky,77.4,52,1,1.01,US,2021-08-02 16:17:04
134,Clinton,42.587,-82.9199,scattered clouds,75.99,58,40,1.99,US,2021-08-02 16:16:03
135,Talnakh,69.4865,88.3972,overcast clouds,66.96,54,96,4.38,RU,2021-08-02 16:10:44
136,Sorong,-0.8833,131.25,broken clouds,79.52,86,78,7.29,ID,2021-08-02 16:17:04
137,Makakilo City,21.3469,-158.0858,light intensity drizzle,75.52,76,75,6.91,US,2021-08-02 16:11:08
138,Tefe,-3.3542,-64.7114,few clouds,84.31,79,20,6.91,BR,2021-08-02 16:17:05
139,La Palma,33.8464,-118.0467,clear sky,95.5,64,1,1.99,US,2021-08-02 16:17:05
140,Big Rapids,43.6981,-85.4837,scattered clouds,74.61,58,40,6.91,US,2021-08-02 16:17:05
141,College,64.8569,-147.8028,few clouds,69.8,72,20,0.0,US,2021-08-02 16:17:06
142,Manicore,-5.8092,-61.3003,scattered clouds,95.25,26,30,4.54,BR,2021-08-02 16:12:08
143,Lagoa,39.05,-27.9833,clear sky,72.41,86,0,7.65,PT,2021-08-02 16:08:55
144,La Ronge,55.1001,-105.2842,broken clouds,76.44,41,67,3.02,CA,2021-08-02 16:11:02
145,Butajira,8.1167,38.3667,light rain,61.09,85,72,5.06,ET,2021-08-02 16:17:07
146,Hamada,34.8833,132.0833,scattered clouds,79.0,85,50,4.45,JP,2021-08-02 16:17:07
147,Kavieng,-2.5744,150.7967,few clouds,82.38,78,11,13.09,PG,2021-08-02 16:14:21
148,Andenes,69.3143,16.1194,broken clouds,51.08,87,75,18.41,NO,2021-08-02 16:12:42
149,Lazaro Cardenas,17.9583,-102.2,few clouds,84.36,74,24,2.73,MX,2021-08-02 16:17:08
150,Havre-Saint-Pierre,50.2334,-63.5986,few clouds,61.27,70,19,13.98,CA,2021-08-02 16:12:15
151,Portland,45.5234,-122.6762,broken clouds,72.61,74,75,3.0,US,2021-08-02 16:14:13
152,Luka Nad Jihlavou,49.374,15.7019,broken clouds,72.57,56,65,9.93,CZ,2021-08-02 16:17:08
153,Saint-Augustin,51.226,-58.6502,broken clouds,66.83,64,77,15.39,CA,2021-08-02 16:09:31
154,Sinop,41.7711,34.8709,clear sky,75.63,66,0,4.52,TR,2021-08-02 16:17:09
155,Oum Hadjer,13.2954,19.6966,overcast clouds,86.5,56,95,8.63,TD,2021-08-02 16:14:37
156,Esperance,-33.8667,121.9,overcast clouds,54.43,76,91,9.75,AU,2021-08-02 16:14:02
157,Nhamunda,-2.1861,-56.7131,scattered clouds,88.27,56,45,3.36,BR,2021-08-02 16:17:09
158,Gillette,44.2911,-105.5022,clear sky,83.32,30,1,3.0,US,2021-08-02 16:16:29
159,Coihaique,-45.5752,-72.0662,light intensity shower rain,50.61,93,75,4.61,CL,2021-08-02 16:15:15
160,Bengkulu,-3.8004,102.2655,scattered clouds,75.6,90,39,3.89,ID,2021-08-02 16:14:46
161,Elat,29.5581,34.9482,clear sky,102.04,13,0,13.8,IL,2021-08-02 16:13:55
162,Qaqortoq,60.7167,-46.0333,overcast clouds,54.1,88,100,2.21,GL,2021-08-02 16:11:24
163,Faanui,-16.4833,-151.75,overcast clouds,79.11,67,90,13.51,PF,2021-08-02 16:14:21
164,Oistins,13.0667,-59.5333,few clouds,86.09,70,20,11.5,BB,2021-08-02 16:17:10
165,Bokaro,23.7833,85.9667,moderate rain,83.19,74,98,7.94,IN,2021-08-02 16:17:11
166,Deqing,30.5448,119.9599,clear sky,82.36,98,9,2.21,CN,2021-08-02 16:17:11
167,Svetlaya,46.5389,138.3297,overcast clouds,64.11,90,100,8.77,RU,2021-08-02 16:10:28
168,Mumford,5.2618,-0.759,broken clouds,79.29,77,57,14.58,GH,2021-08-02 16:11:21
169,Sudak,44.85,34.9667,clear sky,81.88,64,2,6.51,UA,2021-08-02 16:17:12
170,Taoudenni,22.6783,-3.9836,scattered clouds,108.46,17,50,11.92,ML,2021-08-02 16:10:59
171,Roald,62.5833,6.1333,few clouds,60.85,58,20,16.11,NO,2021-08-02 16:17:12
172,Vao,-22.6667,167.4833,few clouds,65.95,66,11,7.7,NC,2021-08-02 16:09:27
173,Bac Lieu,9.285,105.7244,overcast clouds,80.37,83,99,9.13,VN,2021-08-02 16:17:13
174,Cidreira,-30.1811,-50.2056,few clouds,60.73,68,24,9.22,BR,2021-08-02 16:14:14
175,Barrow,71.2906,-156.7887,overcast clouds,44.62,83,90,10.36,US,2021-08-02 16:13:57
176,Port Elizabeth,-33.918,25.5701,overcast clouds,58.1,80,92,13.67,ZA,2021-08-02 16:13:55
177,Ambon,-3.6954,128.1814,scattered clouds,79.2,86,44,7.11,ID,2021-08-02 16:15:50
178,Kapaa,22.0752,-159.319,overcast clouds,79.12,75,90,5.01,US,2021-08-02 16:12:53
179,Lavrentiya,65.5833,-171.0,moderate rain,42.75,97,100,11.21,RU,2021-08-02 16:14:07
180,Sao Miguel Do Araguaia,-13.275,-50.1628,broken clouds,91.36,22,76,7.81,BR,2021-08-02 16:17:14
181,Qingdao,36.0986,120.3719,light rain,76.6,88,4,2.24,CN,2021-08-02 16:17:14
182,Pokhara,28.2333,83.9833,overcast clouds,73.54,94,99,2.68,NP,2021-08-02 16:17:15
183,Kahului,20.8947,-156.47,scattered clouds,76.84,82,40,16.11,US,2021-08-02 16:13:51
184,Coahuayana,18.7333,-103.6833,clear sky,87.28,64,10,2.57,MX,2021-08-02 16:11:49
185,Muros,42.7762,-9.0603,scattered clouds,76.68,52,45,15.21,ES,2021-08-02 16:17:15
186,Provideniya,64.3833,-173.3,moderate rain,44.19,97,100,13.06,RU,2021-08-02 16:12:50
187,Mazatlan,23.2167,-106.4167,broken clouds,86.02,82,75,1.01,MX,2021-08-02 16:17:16
188,Korla,41.7597,86.1469,overcast clouds,84.02,17,100,5.26,CN,2021-08-02 16:17:16
189,Yanzhou,35.5528,116.8286,clear sky,75.0,83,2,5.21,CN,2021-08-02 16:17:17
190,Port Hedland,-20.3167,118.5667,clear sky,62.65,22,2,11.5,AU,2021-08-02 16:15:09
191,Tuatapere,-46.1333,167.6833,overcast clouds,44.82,83,100,6.51,NZ,2021-08-02 16:12:45
192,Oskemen,49.9565,82.6119,clear sky,64.36,77,0,0.0,KZ,2021-08-02 16:17:17
193,Japura,-0.3167,102.35,overcast clouds,75.38,94,85,2.82,ID,2021-08-02 16:17:17
194,Kamyaran,34.7956,46.9355,scattered clouds,84.15,24,29,5.84,IR,2021-08-02 16:17:18
195,Bunia,1.5667,30.25,light rain,68.23,76,84,4.47,CD,2021-08-02 16:17:18
196,Dunedin,-45.8742,170.5036,moderate rain,45.81,83,100,21.99,NZ,2021-08-02 16:10:58
197,Saint George,37.1041,-113.5841,clear sky,88.27,40,1,1.99,US,2021-08-02 16:10:59
198,Praia Da Vitoria,38.7333,-27.0667,broken clouds,78.76,81,57,9.31,PT,2021-08-02 16:11:39
199,Moranbah,-22.0016,148.0466,clear sky,58.35,63,3,6.26,AU,2021-08-02 16:17:19
200,Brokopondo,4.75,-55.1667,overcast clouds,81.16,73,96,3.38,SR,2021-08-02 16:17:19
201,Marsh Harbour,26.5412,-77.0636,overcast clouds,84.85,72,100,10.16,BS,2021-08-02 16:12:05
202,Ilulissat,69.2167,-51.1,broken clouds,60.82,39,75,11.5,GL,2021-08-02 16:14:24
203,Hamilton,39.1834,-84.5333,few clouds,77.36,62,20,1.99,US,2021-08-02 16:12:52
204,Vestmannaeyjar,63.4427,-20.2734,few clouds,56.39,76,20,6.91,IS,2021-08-02 16:12:44
205,Yashan,22.1975,109.9419,overcast clouds,79.34,88,100,1.88,CN,2021-08-02 16:17:20
206,Lata,40.1629,-8.3327,broken clouds,84.04,60,75,11.59,PT,2021-08-02 16:14:41
207,Saint-Philippe,-21.3585,55.7679,scattered clouds,67.59,75,48,7.11,RE,2021-08-02 16:14:48
208,Povenets,62.8487,34.8262,light rain,67.12,64,98,9.08,RU,2021-08-02 16:17:21
209,Mar Del Plata,-38.0023,-57.5575,clear sky,57.09,1,3,13.0,AR,2021-08-02 16:06:37
210,Barra Dos Coqueiros,-10.9089,-37.0386,scattered clouds,82.42,61,40,12.66,BR,2021-08-02 16:16:49
211,Itaituba,-4.2761,-55.9836,scattered clouds,78.96,94,40,0.0,BR,2021-08-02 16:17:21
212,Quelimane,-17.8786,36.8883,few clouds,71.55,60,20,3.44,MZ,2021-08-02 16:17:22
213,Lufilufi,-13.8745,-171.5986,overcast clouds,74.79,77,98,15.61,WS,2021-08-02 16:17:22
214,Tindwari,25.6167,80.5333,overcast clouds,79.11,83,94,10.45,IN,2021-08-02 16:17:22
215,Port-Gentil,-0.7193,8.7815,scattered clouds,77.54,78,39,10.49,GA,2021-08-02 16:14:15
216,Brae,60.3964,-1.353,overcast clouds,53.51,72,100,7.07,GB,2021-08-02 16:10:14
217,Khasan,42.4308,130.6434,light rain,75.02,95,100,12.1,RU,2021-08-02 16:17:23
218,Neuquen,-38.9516,-68.0591,clear sky,57.09,47,0,6.91,AR,2021-08-02 16:17:23
219,Nyrob,60.733,56.7202,few clouds,62.92,96,11,4.72,RU,2021-08-02 16:17:23
220,Acajutla,13.5928,-89.8275,overcast clouds,93.54,58,100,2.19,SV,2021-08-02 16:17:24
221,Afua,-0.1567,-50.3867,scattered clouds,89.6,47,41,2.73,BR,2021-08-02 16:17:24
222,Yelyzavethradka,48.8038,32.4046,scattered clouds,74.44,78,48,17.98,UA,2021-08-02 16:17:24
223,Kyren,51.6828,102.1408,overcast clouds,55.0,96,100,1.81,RU,2021-08-02 16:17:25
224,Bokhan,53.153,103.7714,overcast clouds,57.18,96,100,10.47,RU,2021-08-02 16:17:25
225,Puerto Leguizamo,-0.1934,-74.7819,overcast clouds,71.96,91,98,2.68,CO,2021-08-02 16:17:25
226,Santa Cruz,-17.8,-63.1667,clear sky,79.75,17,9,10.0,BO,2021-08-02 16:12:43
227,Hillsborough,37.5741,-122.3794,broken clouds,67.3,78,75,1.01,US,2021-08-02 16:17:26
228,Inuvik,68.3499,-133.7218,broken clouds,62.64,70,70,8.55,CA,2021-08-02 16:11:19
229,Kinablangan,7.6947,126.5503,overcast clouds,79.5,84,100,3.0,PH,2021-08-02 16:10:44
230,Coromandel,-18.4733,-47.2003,clear sky,75.7,35,1,5.99,BR,2021-08-02 16:17:26
231,Gusinoye Ozero,51.1144,106.2614,moderate rain,58.39,95,100,6.29,RU,2021-08-02 16:17:27
232,Lompoc,34.6391,-120.4579,clear sky,68.92,76,1,3.44,US,2021-08-02 16:08:10
233,Anloga,5.7947,0.8973,overcast clouds,78.76,80,92,12.93,GH,2021-08-02 16:16:19
234,Buraydah,26.326,43.975,clear sky,97.16,7,2,5.19,SA,2021-08-02 16:14:47
235,Simao,22.7886,100.9748,overcast clouds,65.48,98,87,2.06,CN,2021-08-02 16:17:28
236,Tateyama,34.9833,139.8667,mist,81.99,89,75,5.75,JP,2021-08-02 16:17:28
237,Ponta Do Sol,32.6667,-17.1,few clouds,82.13,72,22,3.49,PT,2021-08-02 16:14:16
238,Ilo,-17.6394,-71.3375,overcast clouds,61.66,77,90,6.91,PE,2021-08-02 16:15:05
239,Chivacoa,10.1603,-68.895,overcast clouds,82.63,71,90,10.54,VE,2021-08-02 16:17:29
240,Margate,51.3813,1.3862,broken clouds,65.32,65,62,1.99,GB,2021-08-02 16:17:29
241,Broadstairs,51.3591,1.4394,broken clouds,65.86,75,60,1.99,GB,2021-08-02 16:16:17
242,Hualmay,-11.0964,-77.6139,few clouds,67.46,70,22,9.6,PE,2021-08-02 16:12:45
243,Erzin,36.9559,36.2,clear sky,91.92,65,0,8.05,TR,2021-08-02 16:11:35
244,Camacha,33.0833,-16.3333,scattered clouds,72.82,83,40,13.8,PT,2021-08-02 16:12:14
245,Ifanadiana,-21.3,47.6333,few clouds,60.46,96,21,1.43,MG,2021-08-02 16:17:30
246,Mango,27.9797,-82.3065,clear sky,92.28,78,1,0.0,US,2021-08-02 16:17:30
247,Uvat,59.1433,68.8953,overcast clouds,63.3,76,90,5.68,RU,2021-08-02 16:10:37
248,Ramhormoz,31.28,49.6035,clear sky,104.07,9,5,6.04,IR,2021-08-02 16:17:30
249,Hithadhoo,-0.6,73.0833,overcast clouds,80.76,76,94,4.34,MV,2021-08-02 16:12:33
250,Dawlatabad,36.4141,64.9053,clear sky,89.8,13,0,5.59,AF,2021-08-02 16:17:31
251,Tiksi,71.6872,128.8694,scattered clouds,47.5,67,30,2.53,RU,2021-08-02 16:12:38
252,Tolbazy,54.0241,55.8825,light rain,77.76,36,23,5.84,RU,2021-08-02 16:17:31
253,Cangucu,-31.395,-52.6756,clear sky,57.24,58,6,4.63,BR,2021-08-02 16:17:32
254,Bakchar,57.0186,82.0711,overcast clouds,57.54,95,100,2.57,RU,2021-08-02 16:17:32
255,Port Hardy,50.6996,-127.4199,light intensity drizzle,59.18,88,90,3.44,CA,2021-08-02 16:15:18
256,Tayu,-6.5397,111.0518,scattered clouds,77.85,81,50,6.73,ID,2021-08-02 16:17:32
257,Stiubieni,47.9667,26.7833,scattered clouds,80.47,57,43,15.14,RO,2021-08-02 16:17:33
258,Nampa,43.5407,-116.5635,clear sky,80.71,76,1,4.61,US,2021-08-02 16:14:32
259,Port-Cartier,50.0334,-66.8654,broken clouds,70.02,54,51,7.4,CA,2021-08-02 16:17:33
260,Manyana,-23.4,21.7167,clear sky,65.61,18,0,6.29,BW,2021-08-02 16:17:34
261,Mokhsogollokh,61.4681,128.9203,overcast clouds,60.42,84,100,3.24,RU,2021-08-02 16:17:34
262,Coruripe,-10.1256,-36.1756,scattered clouds,77.34,74,33,14.79,BR,2021-08-02 16:17:34
263,Bandarban,22.1965,92.2262,overcast clouds,76.08,98,97,2.84,BD,2021-08-02 16:12:01
264,Harper,4.375,-7.7169,broken clouds,80.02,67,71,7.92,LR,2021-08-02 16:10:52
265,Nishihara,26.1842,127.7558,broken clouds,82.06,94,75,12.66,JP,2021-08-02 16:17:35
266,Merauke,-8.4667,140.3333,overcast clouds,73.96,81,93,11.97,ID,2021-08-02 16:17:35
267,Port Blair,11.6667,92.75,overcast clouds,81.88,83,100,18.75,IN,2021-08-02 16:14:57
268,Sinnamary,5.3833,-52.95,broken clouds,85.68,62,79,6.91,GF,2021-08-02 16:11:48
269,Tromso,69.6496,18.957,light intensity shower rain,52.45,81,75,3.0,NO,2021-08-02 16:14:42
270,Clyde River,70.4692,-68.5914,broken clouds,41.41,80,81,3.49,CA,2021-08-02 16:14:36
271,Kulhudhuffushi,6.6221,73.07,overcast clouds,83.21,70,100,9.6,MV,2021-08-02 16:12:25
272,Seoul,37.5683,126.9778,clear sky,77.76,82,9,0.83,KR,2021-08-02 16:13:04
273,Yumen,40.2833,97.2,scattered clouds,72.36,17,34,14.29,CN,2021-08-02 16:11:37
274,Guatire,10.4762,-66.5427,scattered clouds,83.19,74,40,4.16,VE,2021-08-02 16:17:36
275,Tayoltita,24.0833,-105.9333,broken clouds,82.15,52,53,1.68,MX,2021-08-02 16:17:37
276,Ahipara,-35.1667,173.1667,clear sky,54.12,72,5,24.18,NZ,2021-08-02 16:17:37
277,Skjervoy,70.0311,20.9714,light rain,51.98,81,76,18.3,NO,2021-08-02 16:17:37
278,Nabire,-3.3667,135.4833,light rain,76.62,92,69,3.2,ID,2021-08-02 16:17:38
279,Saint-Ambroise,48.5501,-71.3324,few clouds,68.32,44,13,7.74,CA,2021-08-02 16:17:38
280,General Roca,-39.0333,-67.5833,scattered clouds,57.6,24,27,10.04,AR,2021-08-02 16:17:39
281,Abbeville,50.1,1.8333,overcast clouds,70.29,70,92,4.63,FR,2021-08-02 16:17:39
282,Bilimbay,56.9689,59.8149,overcast clouds,68.94,73,99,4.45,RU,2021-08-02 16:17:39
283,Kupino,54.3663,77.2981,broken clouds,68.81,66,84,7.58,RU,2021-08-02 16:17:40
284,Barranca,-10.75,-77.7667,scattered clouds,66.42,72,38,9.44,PE,2021-08-02 16:16:01
285,Denpasar,-8.65,115.2167,scattered clouds,78.46,94,40,14.97,ID,2021-08-02 16:10:48
286,Pesochnyy,60.123,30.164,moderate rain,62.38,96,100,11.45,RU,2021-08-02 16:17:40
287,Murgab,37.4966,61.9714,clear sky,91.27,24,0,6.91,TM,2021-08-02 16:17:40
288,Launceston,-41.45,147.1667,overcast clouds,46.04,87,100,3.0,AU,2021-08-02 16:17:41
289,Ville-Marie,47.3335,-79.433,few clouds,69.8,43,13,5.37,CA,2021-08-02 16:17:41
290,Sao Joao Do Piaui,-8.3581,-42.2467,clear sky,89.51,28,0,12.28,BR,2021-08-02 16:17:41
291,Palmer,42.1584,-72.3287,scattered clouds,76.24,59,40,1.01,US,2021-08-02 16:17:42
292,Ust-Omchug,61.15,149.6333,clear sky,34.39,85,7,6.42,RU,2021-08-02 16:17:42
293,Shache,38.4167,77.2406,broken clouds,67.5,47,81,3.36,CN,2021-08-02 16:17:42
294,Yulara,-25.2406,130.9889,clear sky,40.84,45,0,8.05,AU,2021-08-02 16:12:14
295,Puerto Madryn,-42.7692,-65.0385,clear sky,63.09,29,6,4.72,AR,2021-08-02 16:17:43
296,Katsuura,35.1333,140.3,overcast clouds,81.19,91,95,11.27,JP,2021-08-02 16:17:43
297,Shingu,33.7333,135.9833,overcast clouds,80.91,84,95,7.56,JP,2021-08-02 16:12:52
298,Keti Bandar,24.1447,67.4497,overcast clouds,82.31,81,92,19.64,PK,2021-08-02 16:17:43
299,Hailar,49.2,119.7,clear sky,60.03,80,2,8.12,CN,2021-08-02 16:17:44
300,Dharchula,29.85,80.5333,heavy intensity rain,74.79,93,100,2.59,IN,2021-08-02 16:17:44
301,Siverek,37.755,39.3167,broken clouds,97.41,18,76,4.32,TR,2021-08-02 16:17:44
302,Liebenburg,52.0218,10.4317,overcast clouds,70.36,55,90,10.33,DE,2021-08-02 16:17:45
303,Uige,-7.6087,15.0613,clear sky,88.54,20,6,6.53,AO,2021-08-02 16:17:45
304,Kaitangata,-46.2817,169.8464,overcast clouds,48.92,73,100,12.86,NZ,2021-08-02 16:12:35
305,Helong,42.5397,128.9972,light rain,68.9,99,100,2.04,CN,2021-08-02 16:17:45
306,Aksarka,66.5606,67.7975,overcast clouds,61.74,70,100,4.9,RU,2021-08-02 16:12:09
307,Hastings,50.8552,0.5729,overcast clouds,65.34,63,100,8.72,GB,2021-08-02 16:17:46
308,Lewiston,44.1003,-70.2148,broken clouds,75.85,70,75,12.66,US,2021-08-02 16:15:25
309,Magaria,12.9983,8.9099,overcast clouds,86.86,54,100,14.58,NE,2021-08-02 16:17:46
310,Bar Harbor,44.3876,-68.2039,overcast clouds,70.61,68,90,8.01,US,2021-08-02 16:17:47
311,Zhezkazgan,47.8043,67.7144,broken clouds,90.97,20,83,16.15,KZ,2021-08-02 16:10:21
312,Takoradi,4.8845,-1.7554,broken clouds,82.2,67,76,14.29,GH,2021-08-02 16:17:47
313,Uberherrn,49.2419,6.6984,moderate rain,71.37,84,50,6.29,DE,2021-08-02 16:17:47
314,Soleuvre,49.5256,5.9406,broken clouds,68.97,69,67,3.0,LU,2021-08-02 16:17:48
315,Kyzyl-Suu,42.3414,78.0056,overcast clouds,63.55,62,95,3.11,KG,2021-08-02 16:17:48
316,Iralaya,15.0,-83.2333,broken clouds,86.09,83,68,13.94,HN,2021-08-02 16:17:48
317,Conceicao Da Barra,-18.5933,-39.7322,overcast clouds,75.42,51,100,7.94,BR,2021-08-02 16:17:49
318,Bambous Virieux,-20.3428,57.7575,clear sky,67.21,65,0,6.15,MU,2021-08-02 16:12:43
319,Maragogi,-9.0122,-35.2225,scattered clouds,77.16,81,38,16.51,BR,2021-08-02 16:17:49
320,Lubango,-14.9172,13.4925,few clouds,70.75,19,22,9.1,AO,2021-08-02 16:17:50
321,Bowling Green,36.9903,-86.4436,clear sky,80.6,44,1,4.61,US,2021-08-02 16:17:50
322,Conde,-7.2597,-34.9075,broken clouds,74.66,88,75,17.27,BR,2021-08-02 16:15:07
323,Sorland,67.667,12.6934,overcast clouds,49.86,71,100,10.2,NO,2021-08-02 16:12:40
324,Poanas,25.7667,-103.6167,overcast clouds,82.33,46,95,3.67,MX,2021-08-02 16:17:51
325,Riberalta,-10.9833,-66.1,clear sky,82.6,34,4,17.27,BO,2021-08-02 16:17:51
326,Lonar,19.9833,76.5333,light rain,75.36,79,100,16.8,IN,2021-08-02 16:17:51
327,Gobabis,-22.45,18.9667,clear sky,68.34,20,0,9.84,NA,2021-08-02 16:17:52
328,Xucheng,20.35,110.1288,moderate rain,77.7,85,75,15.84,CN,2021-08-02 16:17:52
329,Khani,41.9563,42.9566,clear sky,72.97,84,3,3.04,GE,2021-08-02 16:17:52
330,Sungaipenuh,-2.0833,101.3833,overcast clouds,64.83,96,88,2.15,ID,2021-08-02 16:17:53
331,Surab,28.4914,66.2585,clear sky,82.99,11,5,7.47,PK,2021-08-02 16:17:53
332,Calabar,4.9517,8.322,moderate rain,79.18,86,95,5.26,NG,2021-08-02 16:15:11
333,Musoma,-1.5,33.8,scattered clouds,72.57,59,40,6.69,TZ,2021-08-02 16:17:54
334,Anito,12.4497,125.2886,broken clouds,81.5,82,60,9.8,PH,2021-08-02 16:17:54
335,Faya,18.3851,42.4509,overcast clouds,70.32,64,100,7.74,SA,2021-08-02 16:11:59
336,Fernandina Beach,30.6697,-81.4626,broken clouds,93.09,77,75,3.0,US,2021-08-02 16:17:55
337,Pemangkat,1.1667,108.9667,broken clouds,80.08,84,75,8.7,ID,2021-08-02 16:17:55
338,Bria,6.5423,21.9863,broken clouds,75.34,87,57,3.62,CF,2021-08-02 16:17:55
339,Yar-Sale,66.8333,70.8333,overcast clouds,57.11,88,98,7.94,RU,2021-08-02 16:17:55
340,Aginskoye,51.1,114.53,overcast clouds,63.55,78,99,10.78,RU,2021-08-02 16:17:56
341,Salalah,17.0151,54.0924,overcast clouds,77.09,100,90,6.91,OM,2021-08-02 16:08:38
342,Chicama,-7.8447,-79.1469,few clouds,66.74,61,24,7.14,PE,2021-08-02 16:17:56
343,Los Llanos De Aridane,28.6585,-17.9182,few clouds,74.12,73,20,13.8,ES,2021-08-02 16:17:57
344,Lenger,42.183,69.8839,few clouds,83.64,26,12,9.04,KZ,2021-08-02 16:17:57
345,Bloomington,44.8408,-93.2983,few clouds,80.62,50,20,5.01,US,2021-08-02 16:14:32
346,Sioux Lookout,50.1001,-91.917,smoke,73.47,49,90,8.05,CA,2021-08-02 16:14:43
347,Geraldton,-28.7667,114.6,clear sky,46.81,87,5,8.05,AU,2021-08-02 16:12:50
348,Tura,25.5198,90.2201,light rain,74.62,98,74,4.56,IN,2021-08-02 16:14:30
349,Capreol,46.706,-80.9225,scattered clouds,70.92,54,40,3.0,CA,2021-08-02 16:17:58
350,Kerema,-7.9631,145.7785,overcast clouds,75.94,88,100,1.68,PG,2021-08-02 16:17:58
351,Norman Wells,65.282,-126.8329,smoke,68.04,68,20,3.44,CA,2021-08-02 16:16:07
352,Altus,34.6381,-99.334,clear sky,81.88,62,1,8.05,US,2021-08-02 16:13:56
353,Shenjiamen,29.9576,122.298,light rain,79.23,94,45,12.35,CN,2021-08-02 16:17:59
354,Mabaruma,8.2,-59.7833,scattered clouds,83.79,76,40,1.81,GY,2021-08-02 16:17:59
355,Tshikapa,-6.4167,20.8,scattered clouds,90.61,16,27,0.96,CD,2021-08-02 16:17:59
356,Chake Chake,-5.2459,39.7666,scattered clouds,74.16,81,29,10.96,TZ,2021-08-02 16:18:00
357,Nanortalik,60.1432,-45.2371,overcast clouds,46.67,85,89,4.79,GL,2021-08-02 16:15:47
358,Vuktyl,63.8567,57.3094,light rain,63.3,81,97,3.49,RU,2021-08-02 16:10:31
359,Nakhon Pathom,13.9833,100.0833,overcast clouds,86.95,74,92,8.63,TH,2021-08-02 16:18:00
360,Kaseda,31.4167,130.3167,overcast clouds,79.84,84,95,10.33,JP,2021-08-02 16:18:00
361,Hokitika,-42.7167,170.9667,overcast clouds,46.42,89,100,10.87,NZ,2021-08-02 16:18:01
362,Russell,32.3502,-85.1999,broken clouds,87.08,72,75,2.3,US,2021-08-02 16:18:01
363,Lima,-12.0432,-77.0282,overcast clouds,61.14,77,90,5.75,PE,2021-08-02 16:14:01
364,Berlevag,70.8578,29.0864,scattered clouds,53.6,71,38,4.61,NO,2021-08-02 16:11:12
365,Oussouye,12.485,-16.5469,moderate rain,76.77,90,100,10.78,SN,2021-08-02 16:11:57
366,Egvekinot,66.3167,-179.1667,light snow,31.95,82,100,20.36,RU,2021-08-02 16:18:02
367,Sibolga,1.7427,98.7792,broken clouds,77.38,84,70,3.33,ID,2021-08-02 16:18:02
368,Novyy Urengoy,66.0833,76.6333,overcast clouds,64.92,61,100,6.04,RU,2021-08-02 16:10:34
369,Kawalu,-7.3817,108.2082,broken clouds,71.11,97,77,0.94,ID,2021-08-02 16:18:03
370,The Valley,18.217,-63.0578,scattered clouds,87.66,70,40,11.5,AI,2021-08-02 16:18:03
371,Shiloh,38.5614,-89.8973,scattered clouds,77.92,72,40,8.05,US,2021-08-02 16:18:03
372,Segezha,63.7415,34.3222,overcast clouds,63.79,71,100,2.51,RU,2021-08-02 16:18:04
373,Pallisa,1.145,33.7094,overcast clouds,75.78,45,90,4.54,UG,2021-08-02 16:18:04
374,Heihe,50.2441,127.4902,moderate rain,61.38,97,100,2.86,CN,2021-08-02 16:18:04
375,Shitanjing,39.2342,106.3439,overcast clouds,66.96,58,100,14.63,CN,2021-08-02 16:18:05
376,Ulaangom,49.9811,92.0667,clear sky,65.05,39,7,1.92,MN,2021-08-02 16:18:05
377,Belaya Gora,68.5333,146.4167,clear sky,39.87,68,0,7.09,RU,2021-08-02 16:18:06
378,San Julian,21.0167,-102.1667,clear sky,65.89,68,2,6.33,MX,2021-08-02 16:18:06
379,Cabo San Lucas,22.8909,-109.9124,scattered clouds,91.81,51,40,0.0,MX,2021-08-02 16:09:43
380,Varzea Da Palma,-17.5981,-44.7308,broken clouds,83.01,27,57,1.28,BR,2021-08-02 16:18:06
381,Maracas,-13.4411,-40.4308,overcast clouds,65.86,62,97,8.55,BR,2021-08-02 16:18:07
382,Gawler,-34.6,138.7333,broken clouds,51.31,95,60,14.72,AU,2021-08-02 16:15:17
383,Pervomayskoye,43.919,46.7102,scattered clouds,85.42,30,28,8.79,RU,2021-08-02 16:18:07
384,Moerai,-22.4333,-151.3333,overcast clouds,74.62,71,100,19.48,PF,2021-08-02 16:11:53
385,Nuuk,64.1835,-51.7216,broken clouds,52.41,82,75,6.91,GL,2021-08-02 16:15:15
386,Teya,60.3778,92.6267,overcast clouds,57.2,86,87,1.99,RU,2021-08-02 16:10:56
387,Bilma,18.6853,12.9164,clear sky,107.64,9,1,7.61,NE,2021-08-02 16:11:27
388,Kavaratti,10.5669,72.642,overcast clouds,82.45,76,100,14.05,IN,2021-08-02 16:11:40
389,Songjianghe,42.1859,127.479,overcast clouds,62.17,98,97,3.89,CN,2021-08-02 16:18:08
390,Vitim,59.4511,112.5578,overcast clouds,56.95,95,100,2.42,RU,2021-08-02 16:18:08
391,Bairiki,1.3292,172.9752,broken clouds,82.4,74,75,3.44,KI,2021-08-02 16:18:09
392,Savonlinna,61.8699,28.88,overcast clouds,68.05,68,90,9.22,FI,2021-08-02 16:18:09
393,Mwene-Ditu,-7.0,23.45,broken clouds,82.72,24,64,2.68,CD,2021-08-02 16:16:07
394,Sola,-13.8833,167.55,overcast clouds,73.72,65,96,14.07,VU,2021-08-02 16:11:01
395,Vila Velha,-20.3297,-40.2925,few clouds,72.97,66,22,5.5,BR,2021-08-02 16:12:05
396,Fraga,41.5229,0.3489,clear sky,89.31,34,4,17.74,ES,2021-08-02 16:18:10
397,Saskylakh,71.9167,114.0833,scattered clouds,63.64,69,45,6.87,RU,2021-08-02 16:14:49
398,Boca Do Acre,-8.7522,-67.3978,few clouds,89.64,20,19,6.6,BR,2021-08-02 16:18:10
399,Pacific Grove,36.6177,-121.9166,overcast clouds,64.76,84,90,4.0,US,2021-08-02 16:18:10
400,Saldanha,-33.0117,17.9442,clear sky,59.13,77,0,9.19,ZA,2021-08-02 16:18:11
401,Bindki,26.0333,80.6,broken clouds,79.66,84,64,10.42,IN,2021-08-02 16:18:11
402,Macheng,31.1783,115.0319,clear sky,79.18,87,1,4.25,CN,2021-08-02 16:18:11
403,Inhambane,-23.865,35.3833,clear sky,68.22,66,5,10.31,MZ,2021-08-02 16:18:12
404,Quatre Cocos,-20.2078,57.7625,clear sky,67.08,65,0,6.08,MU,2021-08-02 16:14:54
405,Ulladulla,-35.35,150.4667,broken clouds,59.88,80,75,8.03,AU,2021-08-02 16:14:42
406,Jalu,29.0331,21.5482,clear sky,106.05,8,4,14.7,LY,2021-08-02 16:18:12
407,Srivardhan,18.0333,73.0167,overcast clouds,79.95,86,100,16.02,IN,2021-08-02 16:18:13
408,Arman,59.7,150.1667,clear sky,43.95,65,0,10.42,RU,2021-08-02 16:18:13
409,Sabya,17.1495,42.6254,overcast clouds,92.82,56,100,10.65,SA,2021-08-02 16:18:13
410,Canoa,18.355,-71.1585,scattered clouds,91.11,52,40,13.8,DO,2021-08-02 16:18:14
411,Vila,42.0304,-8.1588,broken clouds,70.74,62,61,8.16,PT,2021-08-02 16:18:14
412,Ossora,59.2353,163.0719,broken clouds,46.38,76,51,12.88,RU,2021-08-02 16:18:14
413,Necochea,-38.5473,-58.7368,scattered clouds,63.03,47,28,14.47,AR,2021-08-02 16:12:25
414,Westport,41.1415,-73.3579,broken clouds,78.78,57,75,1.99,US,2021-08-02 16:17:24
415,Padang,-0.9492,100.3543,overcast clouds,77.05,85,94,2.82,ID,2021-08-02 16:12:53
416,Krutinka,56.0055,71.5113,overcast clouds,65.25,65,100,8.75,RU,2021-08-02 16:18:15
417,Juneau,58.3019,-134.4197,overcast clouds,62.83,87,90,12.66,US,2021-08-02 16:14:10
418,Chara,56.9064,118.2631,overcast clouds,54.05,76,92,1.36,RU,2021-08-02 16:12:32
419,Baruun-Urt,46.6806,113.2792,overcast clouds,64.98,42,88,4.59,MN,2021-08-02 16:18:16
420,Rayong,12.8333,101.4333,light rain,83.08,99,100,12.17,TH,2021-08-02 16:18:16
421,Masterton,-40.9597,175.6575,light rain,49.95,97,100,2.3,NZ,2021-08-02 16:18:16
422,Monrovia,6.3005,-10.7969,broken clouds,85.77,66,66,8.63,LR,2021-08-02 16:12:19
423,Raahe,64.6833,24.4833,light rain,61.2,61,88,6.26,FI,2021-08-02 16:14:57
424,Igarka,67.4667,86.5833,overcast clouds,64.58,68,100,9.08,RU,2021-08-02 16:18:17
425,Changde,29.0464,111.6783,clear sky,83.52,83,0,5.17,CN,2021-08-02 16:18:17
426,Suntar,62.1444,117.6319,overcast clouds,57.94,89,98,3.22,RU,2021-08-02 16:18:17
427,Giyon,8.5333,37.9833,light rain,59.77,92,94,2.24,ET,2021-08-02 16:16:08
428,Machacamarca,-18.1667,-67.0333,scattered clouds,55.38,41,28,8.99,BO,2021-08-02 16:18:18
429,Maceio,-9.6658,-35.7353,scattered clouds,76.68,78,27,14.7,BR,2021-08-02 16:08:38
430,Ponta Delgada,37.7333,-25.6667,few clouds,74.12,64,20,11.5,PT,2021-08-02 16:11:52
431,Kangaatsiaq,68.3065,-53.4641,clear sky,43.57,89,2,21.0,GL,2021-08-02 16:14:35
432,Asau,46.4333,26.4,light rain,85.12,44,29,4.43,RO,2021-08-02 16:18:19
433,Saint-Francois,46.4154,3.9054,broken clouds,74.41,55,75,4.61,FR,2021-08-02 16:10:24
434,Belmonte,-15.8631,-38.8828,broken clouds,74.7,55,75,11.16,BR,2021-08-02 16:14:59
435,Penticton,49.4806,-119.5858,smoke,75.58,76,90,6.91,CA,2021-08-02 16:15:18
436,Fort Morgan,40.2503,-103.8,clear sky,81.82,43,1,5.75,US,2021-08-02 16:18:19
437,Rio Gallegos,-51.6226,-69.2181,clear sky,48.25,37,0,18.41,AR,2021-08-02 16:18:20
438,Pangody,65.85,74.4859,overcast clouds,64.53,54,100,5.55,RU,2021-08-02 16:18:20
439,Tukrah,32.5341,20.5791,clear sky,89.31,46,0,11.72,LY,2021-08-02 16:18:20
440,Yarada,17.65,83.2667,broken clouds,88.12,62,59,10.36,IN,2021-08-02 16:18:21
441,Orlik,52.5178,99.825,overcast clouds,48.13,92,100,1.48,RU,2021-08-02 16:18:21
442,Cabo Rojo,18.0866,-67.1457,clear sky,88.38,69,9,7.49,PR,2021-08-02 16:14:40
443,Pisco,-13.7,-76.2167,haze,65.01,77,90,8.05,PE,2021-08-02 16:12:08
444,Pitimbu,-7.4706,-34.8086,scattered clouds,75.79,76,46,17.81,BR,2021-08-02 16:18:21
445,San Pedro,14.35,121.0167,overcast clouds,82.15,86,100,16.93,PH,2021-08-02 16:17:00
446,Mayo,38.8876,-76.5119,few clouds,79.39,64,20,1.99,US,2021-08-02 16:14:51
447,Altay,47.8667,88.1167,clear sky,66.61,35,1,6.78,CN,2021-08-02 16:18:22
448,Oran,35.6911,-0.6417,scattered clouds,84.13,69,40,17.27,DZ,2021-08-02 16:17:11
449,Safaga,26.7292,33.9365,clear sky,91.35,51,0,6.46,EG,2021-08-02 16:18:22
450,Yakeshi,49.2833,120.7333,overcast clouds,57.96,88,99,4.03,CN,2021-08-02 16:18:23
451,Bubaque,11.2833,-15.8333,light rain,78.46,84,100,21.63,GW,2021-08-02 16:18:23
452,Pimenta Bueno,-11.6725,-61.1936,few clouds,91.8,18,13,7.25,BR,2021-08-02 16:18:23
453,Astoria,46.1879,-123.8313,overcast clouds,59.56,91,90,6.91,US,2021-08-02 16:18:24
454,Caravelas,-17.7125,-39.2481,overcast clouds,73.13,58,100,7.87,BR,2021-08-02 16:11:07
455,Fukue,32.6881,128.8419,broken clouds,81.23,84,74,15.82,JP,2021-08-02 16:18:24
456,Melville,40.7934,-73.4151,clear sky,78.58,60,1,3.0,US,2021-08-02 16:18:25
457,Am Timan,11.0297,20.2827,moderate rain,75.81,87,99,5.3,TD,2021-08-02 16:14:23
458,Brigantine,39.4101,-74.3646,clear sky,80.02,63,0,9.75,US,2021-08-02 16:18:25
459,Balikpapan,-1.2675,116.8289,broken clouds,77.05,89,68,7.47,ID,2021-08-02 16:18:25
460,Ketchikan,55.3422,-131.6461,overcast clouds,61.27,82,90,8.05,US,2021-08-02 16:18:26
461,Halifax,44.6453,-63.5724,overcast clouds,59.05,95,99,4.0,CA,2021-08-02 16:16:31
462,Ambilobe,-13.2,49.05,light rain,72.09,80,44,3.29,MG,2021-08-02 16:16:02
463,Damaturu,11.747,11.9608,overcast clouds,87.12,54,88,7.92,NG,2021-08-02 16:18:26
464,Raga,8.4596,25.678,overcast clouds,75.79,79,99,3.4,SS,2021-08-02 16:18:27
465,Mwinilunga,-11.7358,24.4293,scattered clouds,72.81,29,27,5.86,ZM,2021-08-02 16:18:27
466,Oranjemund,-28.55,16.4333,clear sky,64.35,52,0,5.14,NA,2021-08-02 16:10:55
467,Revda,56.801,59.9303,overcast clouds,68.81,72,100,4.41,RU,2021-08-02 16:18:27
468,Port Keats,-14.25,129.55,scattered clouds,76.59,79,48,3.02,AU,2021-08-02 16:18:28
469,Zamania,25.4333,83.5667,overcast clouds,83.55,74,99,5.82,IN,2021-08-02 16:18:28
470,Coquimbo,-29.9533,-71.3436,overcast clouds,55.13,82,90,4.61,CL,2021-08-02 16:10:13
471,Shubarshi,48.5872,57.1869,scattered clouds,88.23,23,30,4.61,KZ,2021-08-02 16:18:28
472,Muscat,23.6139,58.5922,clear sky,93.22,54,10,9.71,OM,2021-08-02 16:18:29
473,Avera,33.194,-82.5271,overcast clouds,90.91,48,94,2.73,US,2021-08-02 16:18:29
474,Methoni,36.8197,21.7049,clear sky,91.26,60,0,12.08,GR,2021-08-02 16:18:30
475,Pochutla,15.7432,-96.4661,overcast clouds,89.82,58,97,2.75,MX,2021-08-02 16:11:21
476,Kutum,14.2,24.6667,scattered clouds,88.41,26,30,13.13,SD,2021-08-02 16:18:30
477,Butembo,0.15,29.2833,overcast clouds,60.26,89,96,1.74,CD,2021-08-02 16:18:30
478,Tamiahua,21.2667,-97.45,scattered clouds,86.76,65,28,4.21,MX,2021-08-02 16:18:31
479,Cabedelo,-6.9811,-34.8339,broken clouds,75.87,75,66,19.69,BR,2021-08-02 16:18:31
480,San Patricio,28.017,-97.5169,broken clouds,91.87,48,82,6.35,US,2021-08-02 16:12:46
481,Togul,53.465,85.9128,scattered clouds,64.11,76,25,1.86,RU,2021-08-02 16:18:32
482,Champerico,14.3,-91.9167,overcast clouds,91.76,72,88,2.71,GT,2021-08-02 16:18:32
483,Fujin,47.26,132.0322,overcast clouds,78.06,62,100,4.54,CN,2021-08-02 16:18:32
484,Bozdar,27.1828,68.636,scattered clouds,96.48,44,47,22.68,PK,2021-08-02 16:18:33
485,Mariental,-24.6333,17.9667,clear sky,71.8,16,0,6.62,NA,2021-08-02 16:18:33
486,Pathein,16.7833,94.7333,overcast clouds,76.8,94,99,5.61,MM,2021-08-02 16:18:33
487,Labuan,5.2767,115.2417,few clouds,80.96,83,20,2.3,MY,2021-08-02 16:18:34
488,Hermosillo,29.0667,-110.9667,scattered clouds,92.68,47,40,3.0,MX,2021-08-02 16:18:34
489,Asaka,35.8047,139.6019,overcast clouds,83.17,80,100,10.83,JP,2021-08-02 16:18:34
490,Poum,-20.2333,164.0167,clear sky,67.46,64,6,7.99,NC,2021-08-02 16:12:12
491,Enshi,30.3,109.4833,overcast clouds,72.12,89,100,0.74,CN,2021-08-02 16:15:13
492,Chapais,49.7834,-74.8492,broken clouds,60.58,44,73,8.19,CA,2021-08-02 16:18:35
493,Svetlyy,54.675,20.1347,light rain,66.25,62,21,17.27,RU,2021-08-02 16:18:35
494,Bandundu,-3.3167,17.3667,broken clouds,97.02,16,78,1.57,CD,2021-08-02 16:18:35
495,Tongliao,43.6125,122.2653,overcast clouds,65.77,90,100,5.01,CN,2021-08-02 16:17:02
496,Kalachinsk,55.0529,74.5751,overcast clouds,70.74,52,99,9.95,RU,2021-08-02 16:18:36
497,Soe,-9.8607,124.284,overcast clouds,64.26,93,96,4.52,ID,2021-08-02 16:18:36
498,Abha,18.2164,42.5053,scattered clouds,71.42,78,40,5.75,SA,2021-08-02 16:18:37
499,Nehe,48.4833,124.8333,overcast clouds,62.98,97,100,6.2,CN,2021-08-02 16:18:37
500,Pontianak,-0.0333,109.3333,scattered clouds,78.78,89,40,0.0,ID,2021-08-02 16:18:37
501,Aasiaat,68.7098,-52.8699,clear sky,43.81,81,3,11.83,GL,2021-08-02 16:15:16
502,Narsaq,60.9167,-46.05,overcast clouds,53.82,84,100,1.92,GL,2021-08-02 16:08:13
503,Morro Bay,35.3658,-120.8499,clear sky,72.14,75,0,1.99,US,2021-08-02 16:18:38
504,Qui Nhon,13.7667,109.2333,overcast clouds,85.55,65,99,15.39,VN,2021-08-02 16:18:38
505,Kudligi,14.9,76.3833,broken clouds,73.36,79,83,17.45,IN,2021-08-02 16:18:38
506,Rampur Hat,24.1667,87.7833,overcast clouds,82.31,85,95,7.61,IN,2021-08-02 16:18:39
507,Udachnyy,66.4167,112.4,overcast clouds,67.69,42,100,11.92,RU,2021-08-02 16:18:39
508,Souillac,-20.5167,57.5167,clear sky,67.35,65,2,5.61,MU,2021-08-02 16:10:27
509,Catalina,32.5056,-110.9211,few clouds,91.09,48,15,1.01,US,2021-08-02 16:18:39
510,Spornoye,50.8448,37.2913,scattered clouds,87.82,37,32,10.89,RU,2021-08-02 16:11:23
511,Wakema,16.6,95.1833,overcast clouds,76.6,94,100,5.39,MM,2021-08-02 16:17:12
512,Hasaki,35.7333,140.8333,overcast clouds,77.4,92,100,11.16,JP,2021-08-02 16:10:22
513,North Bend,43.4065,-124.2243,fog,59.23,100,90,9.22,US,2021-08-02 16:12:00
514,Bonfim,3.0833,-59.95,overcast clouds,82.65,69,99,3.65,BR,2021-08-02 16:18:40
515,Voh,-20.9667,164.7,clear sky,57.74,80,2,3.33,NC,2021-08-02 16:18:40
516,Sept-Iles,50.2001,-66.3821,broken clouds,70.32,69,75,4.0,CA,2021-08-02 16:18:41
517,Dali,25.7,100.1833,scattered clouds,64.94,83,25,2.24,CN,2021-08-02 16:14:04
518,Vryburg,-26.9566,24.7284,clear sky,59.45,16,0,6.51,ZA,2021-08-02 16:18:41
519,Dudinka,69.4058,86.1778,broken clouds,64.31,65,84,7.76,RU,2021-08-02 16:11:04
520,Sao Filipe,14.8961,-24.4956,broken clouds,77.0,76,62,6.53,CV,2021-08-02 16:12:47
521,Wajima,37.4,136.9,broken clouds,80.94,82,77,6.49,JP,2021-08-02 16:18:42
522,Hopewell,37.3043,-77.2872,clear sky,81.86,62,0,7.83,US,2021-08-02 16:18:42
523,Del Rio,29.3627,-100.8968,light rain,75.31,97,40,4.61,US,2021-08-02 16:15:44
524,Ladario,-19.0047,-57.6017,clear sky,79.09,36,0,8.05,BR,2021-08-02 16:18:43
525,Nicoya,10.1483,-85.452,broken clouds,85.55,75,76,3.58,CR,2021-08-02 16:18:43
526,Elk City,35.412,-99.4043,clear sky,77.49,64,1,9.22,US,2021-08-02 16:14:04
527,Carutapera,-1.195,-46.02,scattered clouds,80.15,78,37,5.57,BR,2021-08-02 16:14:33
528,Darhan,49.4867,105.9228,broken clouds,58.95,94,66,7.58,MN,2021-08-02 16:18:43
529,Iskateley,67.6803,53.1512,few clouds,58.19,74,24,7.38,RU,2021-08-02 16:18:44
530,Jurm,36.8648,70.8342,clear sky,71.58,31,1,3.67,AF,2021-08-02 16:18:44
531,George Town,5.4112,100.3354,few clouds,84.13,81,20,2.3,MY,2021-08-02 16:18:44
532,Richards Bay,-28.783,32.0377,clear sky,63.63,83,2,6.2,ZA,2021-08-02 16:10:58
533,Salinopolis,-0.6136,-47.3561,broken clouds,85.84,56,68,7.02,BR,2021-08-02 16:14:40
534,Beringovskiy,63.05,179.3167,moderate rain,42.62,93,100,31.34,RU,2021-08-02 16:12:16
535,Saryozek,44.3583,77.9753,overcast clouds,76.95,18,100,7.67,KZ,2021-08-02 16:18:45
536,Schiffdorf,53.5333,8.65,broken clouds,64.36,76,51,12.5,DE,2021-08-02 16:18:45
537,Codrington,-38.2667,141.9667,moderate rain,46.36,94,100,10.2,AU,2021-08-02 16:14:28
538,Coracao De Jesus,-16.6853,-44.365,overcast clouds,74.12,26,94,6.2,BR,2021-08-02 16:18:46
539,Taltal,-25.4,-70.4833,clear sky,64.42,63,6,3.83,CL,2021-08-02 16:11:36
540,San Cristobal,7.7669,-72.225,overcast clouds,80.78,69,99,7.52,VE,2021-08-02 16:10:17
541,Valuyki,50.2035,38.1067,clear sky,85.87,44,6,6.87,RU,2021-08-02 16:18:46
542,Fort Nelson,58.8053,-122.7002,smoke,69.39,73,20,2.3,CA,2021-08-02 16:18:47
543,Calama,-22.4667,-68.9333,broken clouds,70.29,12,75,18.41,CL,2021-08-02 16:16:24
544,Magalia,39.8121,-121.5783,clear sky,69.76,24,1,3.71,US,2021-08-02 16:18:47
545,Merke,42.8728,73.1786,broken clouds,76.48,22,81,7.83,KZ,2021-08-02 16:18:48
546,Townsville,-19.25,146.8,broken clouds,59.88,94,75,3.44,AU,2021-08-02 16:18:48
547,Fare,-16.7,-151.0167,overcast clouds,79.05,67,100,13.89,PF,2021-08-02 16:18:48
548,Puerto Ayacucho,5.6639,-67.6236,overcast clouds,71.67,95,100,6.49,VE,2021-08-02 16:18:48
549,Isangel,-19.55,169.2667,few clouds,68.49,65,18,13.58,VU,2021-08-02 16:08:54
550,Gidole,5.65,37.3667,overcast clouds,63.09,52,94,3.36,ET,2021-08-02 16:18:49
551,Tshane,-24.0196,21.8684,clear sky,65.32,15,0,6.31,BW,2021-08-02 16:18:49
552,Makinsk,52.6292,70.4169,broken clouds,63.21,50,60,6.55,KZ,2021-08-02 16:18:50
553,Port Moresby,-9.4431,147.1797,broken clouds,72.99,82,76,5.86,PG,2021-08-02 16:10:49
554,Inta,66.0317,60.1659,few clouds,59.34,72,19,7.14,RU,2021-08-02 16:12:07
555,Bardiyah,31.7561,25.0865,clear sky,87.76,52,0,17.0,LY,2021-08-02 16:18:50
556,Staraya Poltavka,50.4772,46.4814,overcast clouds,87.71,32,86,5.59,RU,2021-08-02 16:18:51
557,Kibala,9.1104,18.3463,overcast clouds,76.68,92,99,1.83,TD,2021-08-02 16:14:02
558,Staryy Nadym,65.6118,72.6842,overcast clouds,60.42,76,100,8.14,RU,2021-08-02 16:18:51
559,Barnstead,43.334,-71.2928,scattered clouds,75.85,70,25,11.1,US,2021-08-02 16:18:51
560,Noumea,-22.2763,166.4572,clear sky,55.38,76,3,4.23,NC,2021-08-02 16:14:45
561,Alice Springs,-23.7,133.8833,clear sky,44.15,33,0,4.61,AU,2021-08-02 16:08:38
562,Bocholt,51.8333,6.6,broken clouds,69.22,40,70,8.01,DE,2021-08-02 16:18:52
563,Santa Maria,-29.6842,-53.8069,clear sky,60.3,59,0,4.92,BR,2021-08-02 16:11:33
564,Araouane,18.9048,-3.5265,overcast clouds,101.53,25,88,10.87,ML,2021-08-02 16:18:52
565,Almaznyy,48.0448,40.045,scattered clouds,87.94,33,37,5.26,RU,2021-08-02 16:18:53
566,Loralai,30.3705,68.598,broken clouds,87.6,29,52,13.44,PK,2021-08-02 16:14:46
567,Arecibo,18.4724,-66.7157,clear sky,89.29,69,10,3.0,PR,2021-08-02 16:18:54
568,Ucluelet,48.9329,-125.5528,few clouds,68.09,83,22,3.6,CA,2021-08-02 16:15:50
569,Saint-Gaudens,43.0833,0.6667,broken clouds,75.13,49,73,4.97,FR,2021-08-02 16:18:55
570,Cherdyn,60.403,56.4787,few clouds,63.55,96,13,4.7,RU,2021-08-02 16:18:55
571,Kalmunai,7.4167,81.8167,overcast clouds,83.53,65,100,5.88,LK,2021-08-02 16:12:20
572,Utete,-7.986,38.758,broken clouds,74.77,67,52,9.69,TZ,2021-08-02 16:18:55
573,Benghazi,32.1167,20.0667,clear sky,88.93,52,0,19.06,LY,2021-08-02 16:18:56
574,Serebryanyy Bor,56.8,124.8,scattered clouds,49.55,92,44,3.62,RU,2021-08-02 16:18:56
575,Toamasina,-18.1667,49.3833,few clouds,68.0,88,20,2.3,MG,2021-08-02 16:18:56
576,Mamlyutka,54.9375,68.5394,broken clouds,67.84,61,72,7.36,KZ,2021-08-02 16:18:57
577,Rawson,-43.3002,-65.1023,broken clouds,64.22,27,62,7.0,AR,2021-08-02 16:11:18
578,Lavumisa,-27.31,31.892,clear sky,65.25,68,8,6.71,SZ,2021-08-02 16:11:00
579,Altamira,-3.2033,-52.2064,clear sky,92.91,34,7,3.49,BR,2021-08-02 16:10:21
580,Troitskoye,52.9821,84.6757,few clouds,64.9,73,11,3.09,RU,2021-08-02 16:18:57
581,Talara,-4.5772,-81.2719,clear sky,74.16,68,0,20.71,PE,2021-08-02 16:18:58
582,San Antonio,29.4241,-98.4936,moderate rain,77.02,94,90,4.61,US,2021-08-02 16:17:18
583,Haapiti,-17.5667,-149.8667,broken clouds,73.13,70,81,16.04,PF,2021-08-02 16:18:58
584,Blackwater,-23.5833,148.8833,clear sky,59.34,65,0,7.76,AU,2021-08-02 16:18:59
585,Baie-Comeau,49.2168,-68.1489,broken clouds,67.68,64,75,13.8,CA,2021-08-02 16:18:59
586,Kampot,10.6167,104.1833,overcast clouds,82.45,84,87,8.52,KH,2021-08-02 16:11:41
587,Plainview,40.7765,-73.4673,clear sky,78.49,60,1,3.0,US,2021-08-02 16:18:59
588,Ihosy,-22.4,46.1167,broken clouds,69.39,34,77,3.69,MG,2021-08-02 16:19:00
589,Dingle,10.9995,122.6711,light rain,78.53,83,100,8.86,PH,2021-08-02 16:14:55
590,Perth,-31.9333,115.8333,broken clouds,54.05,92,75,2.3,AU,2021-08-02 16:16:38
591,Orcopampa,-15.2661,-72.3417,clear sky,54.19,31,3,4.88,PE,2021-08-02 16:10:28
592,Kloulklubed,7.0419,134.2556,overcast clouds,83.7,77,99,13.47,PW,2021-08-02 16:14:16
593,Flinders,-34.5833,150.8552,light rain,60.39,78,89,1.01,AU,2021-08-02 16:10:18
594,Oriximina,-1.7656,-55.8661,clear sky,89.53,46,1,5.64,BR,2021-08-02 16:19:01
595,Srednekolymsk,67.45,153.6833,broken clouds,38.16,83,84,6.73,RU,2021-08-02 16:11:49
596,Fortuna,40.5982,-124.1573,overcast clouds,55.92,94,90,1.01,US,2021-08-02 16:14:53
597,Arcos De La Frontera,36.7508,-5.8106,few clouds,92.66,44,13,8.99,ES,2021-08-02 16:19:01
598,Roma,43.2128,-75.4557,clear sky,73.44,65,1,3.0,US,2021-08-02 16:06:00
599,Bundaberg,-24.85,152.35,scattered clouds,68.22,96,40,1.01,AU,2021-08-02 16:19:02
600,Havre,49.5833,0.3333,overcast clouds,66.58,88,90,9.22,FR,2021-08-02 16:13:55
601,Magadan,59.5667,150.8,clear sky,45.0,62,3,9.01,RU,2021-08-02 16:19:03
602,Vanimo,-2.6741,141.3028,scattered clouds,78.57,89,43,6.29,PG,2021-08-02 16:19:03
603,Copiapo,-27.3667,-70.3333,clear sky,53.29,21,0,5.66,CL,2021-08-02 16:16:45
604,Luganville,-15.5333,167.1667,overcast clouds,68.49,67,85,3.71,VU,2021-08-02 16:08:41
605,Chumikan,54.7183,135.315,overcast clouds,51.85,98,100,15.12,RU,2021-08-02 16:19:04
606,Sindor,62.8629,51.8905,few clouds,61.5,89,13,4.85,RU,2021-08-02 16:19:04
607,Tres Lagoas,-20.7511,-51.6783,clear sky,81.01,28,10,7.09,BR,2021-08-02 16:19:05
608,Osmena,10.5208,119.9258,light rain,82.47,77,98,6.33,PH,2021-08-02 16:19:05
609,Katherine,-14.4667,132.2667,clear sky,68.32,56,3,5.75,AU,2021-08-02 16:19:06
610,Peterhead,57.5058,-1.7981,overcast clouds,59.45,73,86,2.26,GB,2021-08-02 16:19:06
611,Daru,-9.0763,143.2092,overcast clouds,76.41,75,100,10.09,PG,2021-08-02 16:19:06
612,Yuanping,38.7153,112.7575,overcast clouds,66.72,89,92,2.35,CN,2021-08-02 16:19:06
613,Beloha,-25.1667,45.05,clear sky,66.29,69,2,10.96,MG,2021-08-02 16:19:07
614,Bandarbeyla,9.4942,50.8122,scattered clouds,80.08,70,27,32.91,SO,2021-08-02 16:19:07
615,Hsinchu,24.8036,120.9686,overcast clouds,81.93,90,92,1.01,TW,2021-08-02 16:15:07
616,Serik,36.9169,31.0989,clear sky,100.65,35,0,6.89,TR,2021-08-02 16:19:08
617,Bukama,-9.2,25.85,scattered clouds,84.24,22,41,0.96,CD,2021-08-02 16:19:08
618,Bonnyville,54.2668,-110.735,few clouds,84.6,30,23,7.47,CA,2021-08-02 16:14:16
619,Ithaca,42.4406,-76.4966,scattered clouds,74.53,61,40,5.01,US,2021-08-02 16:18:03
620,Asfi,32.2994,-9.2372,clear sky,72.59,73,2,19.06,MA,2021-08-02 16:14:52
621,Batemans Bay,-35.7167,150.1833,broken clouds,55.9,81,75,3.67,AU,2021-08-02 16:19:09
622,Arklow,52.7931,-6.1414,overcast clouds,60.94,86,100,5.44,IE,2021-08-02 16:19:09
623,Joshimath,30.5667,79.5667,overcast clouds,71.96,88,94,0.58,IN,2021-08-02 16:19:09
624,Francisco Beltrao,-26.0811,-53.055,clear sky,68.38,43,0,2.53,BR,2021-08-02 16:19:10
625,Dera Bugti,29.0307,69.151,clear sky,98.42,32,7,12.39,PK,2021-08-02 16:19:10
626,Bani Walid,31.7566,13.9942,clear sky,103.95,12,0,19.08,LY,2021-08-02 16:19:10
627,Aswan,24.0934,32.907,clear sky,108.7,9,0,13.8,EG,2021-08-02 16:19:11
628,Xuddur,4.1213,43.8894,overcast clouds,78.69,53,95,17.49,SO,2021-08-02 16:19:11
629,Burla,21.5,83.8667,scattered clouds,79.09,81,40,7.16,IN,2021-08-02 16:19:11
630,Vila Real,41.3006,-7.7441,broken clouds,75.13,37,55,7.54,PT,2021-08-02 16:19:12
631,Zarubino,42.63,131.0922,overcast clouds,72.97,95,100,16.15,RU,2021-08-02 16:19:12
632,Kudymkar,59.0173,54.656,broken clouds,66.02,85,81,5.55,RU,2021-08-02 16:19:12
633,Manakara,-22.1333,48.0167,clear sky,67.12,80,0,9.08,MG,2021-08-02 16:19:13
634,Ingham,42.6,-84.3833,scattered clouds,73.18,62,40,9.22,US,2021-08-02 16:18:04
635,Turukhansk,65.8167,87.9833,overcast clouds,66.49,61,100,9.04,RU,2021-08-02 16:19:13
636,Hobyo,5.3505,48.5268,broken clouds,78.1,73,62,26.26,SO,2021-08-02 16:19:14
637,Katima Mulilo,-17.5,24.2667,clear sky,72.63,26,2,5.55,NA,2021-08-02 16:17:01
638,Kalmar,56.6616,16.3616,few clouds,67.93,63,20,11.5,SE,2021-08-02 16:19:14
639,Massaguet,12.4755,15.4365,overcast clouds,87.13,56,99,9.44,TD,2021-08-02 16:19:15
640,Mogwase,-25.185,27.2665,clear sky,65.7,12,0,9.22,ZA,2021-08-02 16:19:15
641,Garden City,42.3256,-83.331,few clouds,75.49,54,20,1.99,US,2021-08-02 16:19:15
642,Neftcala,39.3742,49.2472,overcast clouds,83.79,39,88,2.48,AZ,2021-08-02 16:19:15
643,Dukstas,55.5333,26.3333,overcast clouds,59.86,92,100,8.63,LT,2021-08-02 16:19:16
644,Guangzhou,23.1167,113.25,moderate rain,84.15,69,100,4.45,CN,2021-08-02 16:19:16
645,Babushkin,51.7122,105.8647,overcast clouds,55.45,99,100,14.07,RU,2021-08-02 16:19:17
646,Samarai,-10.6167,150.6667,scattered clouds,77.81,80,49,8.16,PG,2021-08-02 16:12:21
647,Prata,-19.3072,-48.9242,clear sky,85.23,27,0,2.28,BR,2021-08-02 16:19:17
648,Aloleng,16.1307,119.7824,overcast clouds,82.18,85,100,20.8,PH,2021-08-02 16:19:17
649,Atambua,-9.1061,124.8925,broken clouds,70.74,88,76,5.23,ID,2021-08-02 16:10:52
650,Derzhavinsk,51.1,66.3167,clear sky,78.69,36,7,8.1,KZ,2021-08-02 16:12:00
651,Vardo,70.3705,31.1107,clear sky,53.35,76,0,3.44,NO,2021-08-02 16:15:09
652,Mayumba,-3.432,10.6554,scattered clouds,76.91,77,38,8.84,GA,2021-08-02 16:11:25
653,Guerrero Negro,27.9769,-114.0611,clear sky,77.11,61,0,5.3,MX,2021-08-02 16:15:04
654,Craig,40.5153,-107.5464,heavy intensity rain,71.19,94,90,9.22,US,2021-08-02 16:19:18
655,Muli,2.9167,73.5667,overcast clouds,81.07,75,100,3.24,MV,2021-08-02 16:19:18
656,San Quintin,30.4833,-115.95,few clouds,75.6,64,12,10.58,MX,2021-08-02 16:13:52
657,Gat,31.61,34.7642,clear sky,93.4,39,0,11.18,IL,2021-08-02 16:10:06
658,Ojinaga,29.5667,-104.4167,broken clouds,82.58,61,75,8.05,MX,2021-08-02 16:19:19
659,Granadilla De Abona,28.1188,-16.576,few clouds,73.98,55,20,26.46,ES,2021-08-02 16:19:19
660,Safford,32.834,-109.7076,clear sky,85.51,51,1,5.75,US,2021-08-02 16:19:20
661,Chistogorskiy,53.9835,87.3843,broken clouds,58.84,91,51,3.31,RU,2021-08-02 16:19:20
662,Tautira,-17.7333,-149.15,broken clouds,73.42,72,82,14.05,PF,2021-08-02 16:14:01
663,Meulaboh,4.1363,96.1285,overcast clouds,78.17,79,94,4.54,ID,2021-08-02 16:10:13
664,Kostyantynivka,48.5277,37.7069,clear sky,87.49,40,6,7.36,UA,2021-08-02 16:19:21
665,Ayan,56.45,138.1667,overcast clouds,53.73,91,100,10.2,RU,2021-08-02 16:11:20
666,Yuncheng,35.0231,110.9928,clear sky,77.58,68,0,7.36,CN,2021-08-02 16:19:21
667,Vila Franca Do Campo,37.7167,-25.4333,clear sky,75.61,58,0,9.24,PT,2021-08-02 16:19:21
668,Lumeje,-11.55,20.7833,clear sky,78.8,21,8,4.16,AO,2021-08-02 16:19:22
669,Itarema,-2.9248,-39.9167,clear sky,90.23,41,5,11.5,BR,2021-08-02 16:19:22
670,Solnechnyy,50.7214,136.6319,overcast clouds,63.1,90,86,5.84,RU,2021-08-02 16:19:22
671,Jalingo,8.8833,11.3667,overcast clouds,83.39,69,99,5.79,NG,2021-08-02 16:19:23
672,Golfito,8.639,-83.166,scattered clouds,84.58,73,43,2.24,CR,2021-08-02 16:19:23
673,Acapulco,16.8634,-99.8901,clear sky,87.62,70,1,0.0,MX,2021-08-02 16:13:24
674,Calvinia,-31.4707,19.776,clear sky,62.58,21,0,4.29,ZA,2021-08-02 16:14:22
675,Novikovo,51.1537,37.8879,clear sky,86.5,37,2,9.57,RU,2021-08-02 16:14:02
676,Teguise,29.0605,-13.564,few clouds,75.42,61,20,21.85,ES,2021-08-02 16:19:24
677,Vilhena,-12.7406,-60.1458,clear sky,82.62,30,0,14.97,BR,2021-08-02 16:19:24
678,Alberton,46.8168,-64.0654,moderate rain,64.53,58,93,2.59,CA,2021-08-02 16:19:25
679,Amahai,-3.3333,128.9167,few clouds,78.22,87,23,1.72,ID,2021-08-02 16:19:25
680,Honningsvag,70.9821,25.9704,few clouds,53.13,76,20,9.22,NO,2021-08-02 16:19:25
681,Lorengau,-2.0226,147.2712,light rain,81.7,79,11,9.93,PG,2021-08-02 16:10:37
682,Camacupa,-12.0167,17.4833,clear sky,77.58,17,2,3.02,AO,2021-08-02 16:19:26
683,Tornio,65.8481,24.1466,overcast clouds,60.82,47,99,4.61,FI,2021-08-02 16:19:26
684,Catacamas,14.8,-85.9,broken clouds,90.01,78,75,0.0,HN,2021-08-02 16:19:26
685,Sassandra,4.95,-6.0833,scattered clouds,80.13,71,39,7.94,CI,2021-08-02 16:19:27
686,Ashland,40.8167,-82.2665,few clouds,74.26,62,14,7.05,US,2021-08-02 16:17:00
687,Rocha,-34.4833,-54.3333,clear sky,57.88,68,0,6.08,UY,2021-08-02 16:09:24
688,Wagar,16.1525,36.2032,scattered clouds,91.94,40,42,8.79,SD,2021-08-02 16:19:27
689,Medeiros Neto,-17.3739,-40.2206,overcast clouds,64.24,78,100,4.18,BR,2021-08-02 16:19:28
690,Luwingu,-10.2621,29.9271,broken clouds,69.76,32,70,4.41,ZM,2021-08-02 16:19:28
691,Namibe,-15.1961,12.1522,clear sky,71.71,79,0,10.33,AO,2021-08-02 16:14:19
692,Tupiza,-21.45,-65.7167,broken clouds,54.9,34,70,5.23,BO,2021-08-02 16:19:28
693,Nouakchott,18.0858,-15.9785,overcast clouds,84.13,84,100,11.79,MR,2021-08-02 16:19:29
694,Nantucket,41.2835,-70.0995,clear sky,77.11,77,0,13.13,US,2021-08-02 16:08:42
695,Linqiong,30.4159,103.4609,clear sky,87.62,71,0,3.8,CN,2021-08-02 16:19:29
696,Malakal,9.5334,31.6605,light rain,73.11,93,79,4.43,SS,2021-08-02 16:19:29
697,Makurdi,7.7411,8.5121,light rain,81.12,82,98,5.82,NG,2021-08-02 16:19:30
698,Kasongo-Lunda,-6.4667,16.8167,clear sky,92.95,13,0,3.96,CD,2021-08-02 16:19:31
699,Sitka,57.0531,-135.33,broken clouds,62.49,77,75,3.44,US,2021-08-02 16:14:46
700,Hovd,48.0056,91.6419,clear sky,65.07,45,1,4.03,MN,2021-08-02 16:19:31
701,Muhos,64.808,25.9931,overcast clouds,60.58,79,100,1.86,FI,2021-08-02 16:19:31
702,Mandalgovi,45.7625,106.2708,scattered clouds,62.29,51,36,5.53,MN,2021-08-02 16:19:32
703,Nemuro,43.3236,145.575,overcast clouds,67.78,99,100,3.87,JP,2021-08-02 16:14:13
704,Shrewsbury,52.7101,-2.7521,broken clouds,67.71,65,75,4.61,GB,2021-08-02 16:17:49
705,Kokkola,63.8385,23.1307,scattered clouds,55.92,92,40,5.75,FI,2021-08-02 16:19:33
706,Nanma,36.1817,118.1583,clear sky,69.6,93,0,3.8,CN,2021-08-02 16:19:33
707,Husavik,66.0449,-17.3389,overcast clouds,56.73,75,93,3.78,IS,2021-08-02 16:14:43
708,Xiantao,30.3833,113.4,clear sky,80.31,89,8,8.61,CN,2021-08-02 16:19:33
709,Okha,53.5739,142.9478,overcast clouds,55.06,84,100,12.06,RU,2021-08-02 16:19:34
710,Floro,61.5996,5.0328,few clouds,64.47,55,20,19.57,NO,2021-08-02 16:11:34
711,Dalvik,65.9702,-18.5286,overcast clouds,58.93,86,96,2.04,IS,2021-08-02 16:19:34
